{"stat.walkOneCm":61487,"stat.trappedChestTriggered":20,"stat.leaveGame":2,"stat.dispenserInspected":13,"stat.pickup.minecraft.dye":14,"stat.flyOneCm":46779,"stat.jump":205,"stat.swimOneCm":93,"stat.playOneMinute":51070,"stat.useItem.minecraft.redstone":8,"stat.pickup.minecraft.red_flower":12,"stat.sneakTime":182,"stat.pickup.minecraft.stone":1,"stat.pickup.minecraft.redstone":1,"stat.crouchOneCm":378,"stat.timeSinceDeath":51070,"stat.sprintOneCm":1784,"stat.useItem.minecraft.stone_slab2":91,"stat.diveOneCm":11}