{"stat.chestOpened":6,"stat.pickup.computercraft.turtle_advanced":1,"stat.walkOneCm":29746,"stat.trappedChestTriggered":5,"stat.leaveGame":7,"stat.dispenserInspected":8,"stat.pickup.minecraft.log":85,"stat.flyOneCm":430807,"stat.deaths":4,"stat.drop":1,"stat.jump":50,"stat.swimOneCm":86,"stat.playOneMinute":141983,"stat.drop.minecraft.stone":1,"stat.sneakTime":1673,"stat.crouchOneCm":2124,"stat.timeSinceDeath":148,"stat.pickup.minecraft.sapling":49,"stat.sprintOneCm":4382,"stat.useItem.minecraft.stone_slab2":353}