{
  "minecraft:recipes/redstone/noteblock": {
    "criteria": {
      "has_redstone": "2019-08-09 21:16:04 +0200"
    },
    "done": true
  },
  "minecraft:recipes/building_blocks/oak_planks": {
    "criteria": {
      "has_log": "2019-08-04 15:31:21 +0200"
    },
    "done": true
  },
  "computercraft:recipes/advanced_turtle": {
    "criteria": {
      "has_advanced": "2019-08-04 15:05:24 +0200"
    },
    "done": true
  },
  "computercraft:recipes/advanced_monitor": {
    "criteria": {
      "has_advanced": "2019-08-04 15:05:24 +0200"
    },
    "done": true
  },
  "computercraft:recipes/wireless_modem": {
    "criteria": {
      "has_advanced": "2019-08-04 15:05:24 +0200"
    },
    "done": true
  },
  "minecraft:recipes/misc/pink_dye_from_red_bonemeal": {
    "criteria": {
      "has_bonemeal": "2019-08-04 15:31:36 +0200"
    },
    "done": true
  },
  "minecraft:recipes/tools/clock": {
    "criteria": {
      "has_redstone": "2019-08-09 21:16:04 +0200"
    },
    "done": true
  },
  "minecraft:recipes/transportation/dark_oak_boat": {
    "criteria": {
      "entered_water": "2019-08-04 14:45:58 +0200"
    },
    "done": true
  },
  "minecraft:recipes/tools/compass": {
    "criteria": {
      "has_redstone": "2019-08-09 21:16:04 +0200"
    },
    "done": true
  },
  "computercraft:recipes/normal_monitor": {
    "criteria": {
      "has_advanced": "2019-08-04 15:05:24 +0200"
    },
    "done": true
  },
  "minecraft:recipes/misc/magenta_dye_from_lapis_ink_bonemeal": {
    "criteria": {
      "has_bonemeal": "2019-08-04 15:31:36 +0200"
    },
    "done": true
  },
  "minecraft:recipes/building_blocks/brick_stairs": {
    "criteria": {
      "has_brick_block": "2019-08-04 14:48:56 +0200"
    },
    "done": true
  },
  "minecraft:recipes/building_blocks/brick_slab": {
    "criteria": {
      "has_brick_block": "2019-08-04 14:48:56 +0200"
    },
    "done": true
  },
  "minecraft:recipes/misc/light_blue_dye_from_lapis_bonemeal": {
    "criteria": {
      "has_bonemeal": "2019-08-04 15:31:36 +0200"
    },
    "done": true
  },
  "minecraft:recipes/building_blocks/stonebrick": {
    "criteria": {
      "has_stone": "2019-08-04 14:43:17 +0200"
    },
    "done": true
  },
  "minecraft:recipes/redstone/piston": {
    "criteria": {
      "has_redstone": "2019-08-09 21:16:04 +0200"
    },
    "done": true
  },
  "computercraft:recipes/printer": {
    "criteria": {
      "has_advanced": "2019-08-04 15:05:24 +0200"
    },
    "done": true
  },
  "minecraft:recipes/misc/gray_dye": {
    "criteria": {
      "has_bonemeal": "2019-08-04 15:31:36 +0200"
    },
    "done": true
  },
  "minecraft:adventure/adventuring_time": {
    "criteria": {
      "forest": "2019-08-04 14:45:40 +0200",
      "plains": "2019-08-04 14:40:20 +0200",
      "ocean": "2019-08-04 14:45:44 +0200",
      "river": "2019-08-04 14:45:46 +0200"
    },
    "done": false
  },
  "computercraft:recipes/advanced_pocket_computer": {
    "criteria": {
      "has_advanced": "2019-08-04 15:05:24 +0200"
    },
    "done": true
  },
  "computercraft:recipes/advanced_computer": {
    "criteria": {
      "has_redstone": "2019-08-09 21:16:04 +0200"
    },
    "done": true
  },
  "minecraft:recipes/misc/light_gray_dye_from_gray_bonemeal": {
    "criteria": {
      "has_bonemeal": "2019-08-04 15:31:36 +0200"
    },
    "done": true
  },
  "minecraft:recipes/misc/map": {
    "criteria": {
      "has_compass": "2019-08-04 14:41:32 +0200"
    },
    "done": true
  },
  "minecraft:recipes/building_blocks/stone_brick_slab": {
    "criteria": {
      "has_stonebrick": "2019-08-09 20:59:42 +0200"
    },
    "done": true
  },
  "minecraft:recipes/redstone/redstone_torch": {
    "criteria": {
      "has_redstone": "2019-08-09 21:16:04 +0200"
    },
    "done": true
  },
  "minecraft:recipes/transportation/birch_boat": {
    "criteria": {
      "entered_water": "2019-08-04 14:45:58 +0200"
    },
    "done": true
  },
  "minecraft:recipes/decorations/chest": {
    "criteria": {
      "has_lots_of_items": "2019-08-04 15:05:24 +0200"
    },
    "done": true
  },
  "computercraft:recipes/cable": {
    "criteria": {
      "has_advanced": "2019-08-04 15:05:24 +0200"
    },
    "done": true
  },
  "computercraft:recipes/speaker": {
    "criteria": {
      "has_advanced": "2019-08-04 15:05:24 +0200"
    },
    "done": true
  },
  "minecraft:recipes/misc/light_gray_dye_from_ink_bonemeal": {
    "criteria": {
      "has_bonemeal": "2019-08-04 15:31:36 +0200"
    },
    "done": true
  },
  "computercraft:recipes/normal_computer": {
    "criteria": {
      "has_redstone": "2019-08-09 21:16:04 +0200"
    },
    "done": true
  },
  "minecraft:recipes/redstone/stone_button": {
    "criteria": {
      "has_stone": "2019-08-04 14:43:17 +0200"
    },
    "done": true
  },
  "minecraft:recipes/transportation/acacia_boat": {
    "criteria": {
      "entered_water": "2019-08-04 14:45:58 +0200"
    },
    "done": true
  },
  "minecraft:recipes/redstone/dropper": {
    "criteria": {
      "has_redstone": "2019-08-09 21:16:04 +0200"
    },
    "done": true
  },
  "computercraft:recipes/ender_modem": {
    "criteria": {
      "has_advanced": "2019-08-04 15:05:24 +0200"
    },
    "done": true
  },
  "computercraft:recipes/normal_turtle": {
    "criteria": {
      "has_normal": "2019-08-09 21:03:16 +0200"
    },
    "done": true
  },
  "computercraft:recipes/normal_pocket_computer": {
    "criteria": {
      "has_advanced": "2019-08-04 15:05:24 +0200"
    },
    "done": true
  },
  "minecraft:recipes/building_blocks/stone_slab": {
    "criteria": {
      "has_stone": "2019-08-04 14:43:17 +0200"
    },
    "done": true
  },
  "minecraft:recipes/redstone/stone_pressure_plate": {
    "criteria": {
      "has_stone": "2019-08-04 14:43:17 +0200"
    },
    "done": true
  },
  "computercraft:recipes/wired_modem": {
    "criteria": {
      "has_advanced": "2019-08-04 15:05:24 +0200"
    },
    "done": true
  },
  "minecraft:recipes/transportation/boat": {
    "criteria": {
      "entered_water": "2019-08-04 14:45:58 +0200"
    },
    "done": true
  },
  "minecraft:recipes/misc/lime_dye": {
    "criteria": {
      "has_bonemeal": "2019-08-04 15:31:36 +0200"
    },
    "done": true
  },
  "minecraft:recipes/transportation/jungle_boat": {
    "criteria": {
      "entered_water": "2019-08-04 14:45:58 +0200"
    },
    "done": true
  },
  "computercraft:recipes/disk_drive": {
    "criteria": {
      "has_advanced": "2019-08-04 15:05:24 +0200"
    },
    "done": true
  },
  "minecraft:recipes/building_blocks/chiseled_stonebrick": {
    "criteria": {
      "has_stonebrick": "2019-08-09 20:59:42 +0200"
    },
    "done": true
  },
  "minecraft:recipes/transportation/spruce_boat": {
    "criteria": {
      "entered_water": "2019-08-04 14:45:58 +0200"
    },
    "done": true
  },
  "minecraft:recipes/building_blocks/stone_brick_stairs": {
    "criteria": {
      "has_stonebrick": "2019-08-09 20:59:42 +0200"
    },
    "done": true
  },
  "minecraft:recipes/building_blocks/bone_block": {
    "criteria": {
      "has_at_least_9_bonemeal": "2019-08-04 15:32:01 +0200"
    },
    "done": true
  }
}