{"stat.useItem.minecraft.quartz_block":3968,"stat.pickup.minecraft.wooden_slab":64,"stat.horseOneCm":880,"stat.leaveGame":20,"stat.pickup.minecraft.leather_chestplate":4,"stat.swimOneCm":40263,"stat.useItem.minecraft.planks":1103,"stat.climbOneCm":7582,"stat.useItem.minecraft.nether_brick_stairs":2,"stat.pickup.minecraft.glass":128,"stat.useItem.minecraft.coal_block":5,"stat.useItem.minecraft.dirt":2,"stat.useItem.minecraft.stone_slab2":626,"stat.pickup.minecraft.sand":284,"stat.pickup.minecraft.pumpkin_pie":64,"stat.useItem.minecraft.vine":12,"stat.drop.minecraft.leather_boots":1,"stat.pickup.minecraft.quartz_stairs":65,"stat.pickup.minecraft.leather_boots":4,"stat.flyOneCm":6324513,"stat.pickup.minecraft.clay":320,"stat.pickup.minecraft.nether_brick_stairs":64,"stat.timeSinceDeath":3889984,"stat.drop.minecraft.log":2,"stat.useItem.minecraft.sign":16,"stat.pickup.minecraft.stained_hardened_clay":1,"stat.useItem.minecraft.wooden_slab":24,"stat.useItem.minecraft.iron_door":3,"stat.trappedChestTriggered":15,"stat.pickup.minecraft.cake":7,"stat.useItem.minecraft.oak_stairs":33,"stat.pickup.minecraft.stonebrick":332,"stat.furnaceInteraction":2,"stat.pickup.minecraft.redstone_lamp":1,"stat.pickup.minecraft.carpet":68,"stat.pickup.minecraft.diamond_shovel":3,"stat.useItem.minecraft.dark_oak_stairs":200,"stat.pickup.minecraft.nether_brick":64,"stat.drop.minecraft.stone_slab":1,"stat.pickup.minecraft.prismarine":799,"stat.pickup.minecraft.beef":25,"stat.useItem.minecraft.sea_lantern":9,"stat.useItem.minecraft.milk_bucket":2,"stat.drop.minecraft.monster_egg":1,"stat.sprintOneCm":9752,"stat.useItem.minecraft.acacia_fence":2,"stat.useItem.minecraft.stone_slab":781,"stat.craftItem.computercraft.turtle_advanced":1,"stat.useItem.minecraft.lingering_potion":5,"stat.pickup.minecraft.saddle":1,"stat.pickup.minecraft.leather_leggings":8,"stat.pickup.minecraft.vine":64,"stat.deaths":1,"stat.drop":32,"stat.playOneMinute":3932521,"stat.pickup.minecraft.birch_door":192,"stat.useItem.computercraft.turtle_advanced":54,"stat.useItem.minecraft.nether_brick":1,"stat.pickup.minecraft.glass_pane":64,"stat.drop.minecraft.torch":1,"stat.diveOneCm":62372,"stat.chestOpened":232,"stat.pickup.computercraft.turtle_advanced":96,"stat.pickup.minecraft.sign":20,"stat.useItem.minecraft.stone":134,"stat.useItem.minecraft.quartz_stairs":174,"stat.useItem.minecraft.carpet":44,"stat.useItem.minecraft.stained_glass_pane":48,"stat.pickup.minecraft.stone_brick_stairs":191,"stat.jump":5551,"stat.useItem.minecraft.sand":587,"stat.drop.minecraft.dark_oak_stairs":1,"stat.pickup.minecraft.coal":1,"stat.pickup.minecraft.cooked_chicken":12,"stat.fallOneCm":2020,"stat.useItem.minecraft.trapped_chest":4,"stat.pickup.minecraft.carrot":65,"stat.crouchOneCm":13020,"stat.pickup.minecraft.dirt":42,"stat.craftingTableInteraction":1,"stat.useItem.minecraft.glass":241,"stat.pickup.minecraft.milk_bucket":3,"stat.useItem.minecraft.redstone_lamp":1,"stat.pickup.computercraft.peripheral":1,"stat.pickup.minecraft.cookie":59,"stat.useItem.minecraft.dark_oak_fence":45,"stat.damageTaken":130,"stat.useItem.minecraft.stone_brick_stairs":158,"stat.pickup.minecraft.monster_egg":65,"stat.pickup.computercraft.advanced_modem":60,"stat.pickup.minecraft.ender_eye":2,"stat.useItem.computercraft.peripheral":7,"stat.pickup.minecraft.dye":674,"stat.pickup.minecraft.planks":1247,"stat.useItem.computercraft.advanced_modem":1,"stat.pickup.minecraft.concrete":64,"stat.pickup.minecraft.wheat_seeds":2,"stat.pickup.minecraft.quartz_block":580,"stat.useItem.minecraft.birch_fence":43,"stat.pickup.minecraft.potato":340,"stat.pickup.minecraft.oak_stairs":64,"stat.damageDealt":60,"stat.drop.minecraft.carpet":1,"stat.useItem.minecraft.wool":1,"stat.walkOneCm":5637430,"stat.useItem.minecraft.torch":107,"stat.useItem.minecraft.chest":100,"stat.pickup.minecraft.diamond_pickaxe":1,"stat.useItem.minecraft.log":14,"stat.pickup.minecraft.crafting_table":64,"stat.useItem.minecraft.cobblestone":3,"stat.pickup.minecraft.log":64,"stat.drop.minecraft.sign":2,"stat.pickup.minecraft.tnt":64,"stat.drop.minecraft.leather_chestplate":1,"stat.useItem.minecraft.birch_fence_gate":4,"stat.pickup.minecraft.stone":64,"stat.drop.minecraft.planks":1,"stat.useItem.minecraft.stained_hardened_clay":2,"stat.pickup.minecraft.sapling":1,"stat.useItem.minecraft.leaves":2,"stat.pickup.computercraft.computer":4,"stat.pickup.minecraft.apple":4,"stat.useItem.minecraft.concrete":2,"stat.useItem.minecraft.glass_pane":218,"stat.useItem.minecraft.prismarine":466,"stat.useItem.minecraft.birch_door":35,"stat.pickup.minecraft.barrier":2,"stat.pickup.minecraft.coal_block":483,"stat.drop.computercraft.turtle_advanced":3,"stat.pickup.minecraft.dark_oak_stairs":65,"stat.mobKills":1,"stat.useItem.minecraft.stonebrick":636,"stat.pickup.minecraft.birch_fence":128,"stat.useItem.minecraft.wooden_door":2,"stat.useItem.minecraft.mossy_cobblestone":157,"stat.useItem.minecraft.monster_egg":32,"stat.pickup.minecraft.water_bucket":1,"stat.useItem.minecraft.spruce_door":1,"stat.drop.minecraft.leather_leggings":1,"stat.pickup.minecraft.diamond":35,"stat.pickup.minecraft.torch":4,"stat.sneakTime":25895,"stat.pickup.minecraft.wool":65,"stat.drop.minecraft.quartz_block":16,"stat.pickup.minecraft.stone_slab":130,"stat.pickup.minecraft.trapped_chest":64,"stat.pickup.minecraft.chest":139}