{"stat.useItem.minecraft.bow":16,"stat.pickup.minecraft.tripwire_hook":5,"stat.pickup.minecraft.redstone_torch":49,"stat.horseOneCm":29944,"stat.leaveGame":25,"stat.drop.minecraft.tripwire_hook":1,"stat.killEntity.Parrot":3,"stat.killEntity.Ozelot":2,"stat.drop.minecraft.redstone":6,"stat.pickup.minecraft.flower_pot":5,"stat.useItem.minecraft.diamond_sword":5,"stat.swimOneCm":250744,"stat.climbOneCm":37986,"stat.useItem.minecraft.planks":6,"stat.pickup.minecraft.cooked_porkchop":4,"stat.useItem.minecraft.dirt":2,"stat.useItem.minecraft.stone_slab2":20604,"stat.useItem.minecraft.water_bucket":112,"stat.drop.minecraft.redstone_torch":2,"stat.useItem.minecraft.diamond_hoe":1,"stat.pickup.minecraft.sand":1043,"stat.useItem.minecraft.golden_sword":2,"stat.drop.minecraft.web":1,"stat.useItem.minecraft.vine":18,"stat.pickup.minecraft.cobblestone":33,"stat.pickup.minecraft.quartz_stairs":1,"stat.aviateOneCm":18066319,"stat.pickup.minecraft.diamond_leggings":1,"stat.flyOneCm":11825733,"stat.mineBlock.minecraft.sand":781,"stat.pickup.minecraft.fish":2,"stat.pickup.minecraft.cactus":3,"stat.killEntity.Villager":10,"stat.pickup.minecraft.redstone":45,"stat.timeSinceDeath":139011,"stat.hopperInspected":11,"stat.useItem.minecraft.spawn_egg":1241,"stat.pickup.minecraft.double_plant":1,"stat.killEntity.Bat":1,"stat.trappedChestTriggered":1,"stat.useItem.minecraft.lever":2,"stat.pickup.minecraft.dark_oak_door":1,"stat.pickup.minecraft.stonebrick":7,"stat.furnaceInteraction":11,"stat.killEntity.Wolf":2,"stat.pickup.minecraft.carpet":16,"stat.drop.minecraft.hay_block":1,"stat.drop.minecraft.log2":1,"stat.pickup.minecraft.beef":6,"stat.useItem.minecraft.redstone":144,"stat.pickup.minecraft.totem_of_undying":1,"stat.useItem.minecraft.milk_bucket":8,"stat.drop.minecraft.monster_egg":1,"stat.pickup.minecraft.hay_block":1,"stat.useItem.minecraft.written_book":1,"stat.killEntity.Squid":1,"stat.useItem.minecraft.diamond_shovel":815,"stat.sprintOneCm":726721,"stat.pickup.minecraft.jungle_fence_gate":1,"stat.pickup.minecraft.acacia_door":1,"stat.useItem.minecraft.stone_slab":1,"stat.pickup.minecraft.fireworks":75,"stat.useItem.minecraft.flint_and_steel":130,"stat.pickup.minecraft.grass":1,"stat.useItem.minecraft.wheat_seeds":1,"stat.useItem.minecraft.diamond_pickaxe":31,"stat.drop.minecraft.fireworks":7,"stat.useItem.minecraft.lingering_potion":7,"stat.useItem.minecraft.ender_eye":115,"stat.pickup.minecraft.saddle":1,"stat.pickup.minecraft.diamond_chestplate":1,"stat.useItem.minecraft.dye":31,"stat.pickup.minecraft.spawn_egg":1,"stat.pickup.minecraft.lever":2,"stat.deaths":4,"stat.drop":34,"stat.pickup.minecraft.egg":1,"stat.playOneMinute":3034296,"stat.pickup.minecraft.stone_button":1,"stat.pickup.minecraft.jukebox":1,"stat.killEntity.Sheep":1,"stat.pickup.minecraft.glass_pane":1,"stat.pickup.minecraft.sea_lantern":2,"stat.diveOneCm":1386751,"stat.pickup.minecraft.wheat":1,"stat.chestOpened":67,"stat.pickup.minecraft.sign":3,"stat.killEntity.EvocationIllager":1,"stat.useItem.minecraft.diamond_axe":6,"stat.useItem.minecraft.carpet":42,"stat.useItem.minecraft.potion":11,"stat.craftItem.minecraft.coal":1,"stat.pickup.minecraft.diamond_sword":1,"stat.jump":3493,"stat.useItem.minecraft.sand":579,"stat.fallOneCm":687,"stat.drop.minecraft.stone":1,"stat.useItem.minecraft.dark_oak_boat":1,"stat.drop.minecraft.dye":2,"stat.crouchOneCm":52189,"stat.pickup.minecraft.dirt":36,"stat.useItem.minecraft.stone_button":13,"stat.craftingTableInteraction":5,"stat.dropperInspected":4,"stat.drop.minecraft.barrier":2,"stat.boatOneCm":154659,"stat.pickup.minecraft.repeater":10,"stat.pickup.minecraft.leather":9,"stat.pickup.minecraft.feather":6,"stat.damageTaken":1212,"stat.dispenserInspected":33,"stat.pickup.minecraft.monster_egg":1,"stat.pickup.minecraft.ender_eye":14,"stat.pickup.minecraft.log2":1,"stat.pickup.minecraft.dye":5,"stat.pickup.minecraft.planks":577,"stat.pickup.minecraft.quartz_block":2,"stat.pickup.minecraft.wheat_seeds":6,"stat.pickup.minecraft.diamond_axe":1,"stat.pickup.minecraft.stained_glass":1,"stat.damageDealt":1869,"stat.killEntity.Rabbit":2,"stat.drop.minecraft.carpet":1,"stat.useItem.minecraft.snow_layer":4,"stat.killEntity.Cow":4,"stat.mineBlock.minecraft.dirt":27,"stat.killEntity.VindicationIllager":1,"stat.killEntity.Pig":2,"stat.flowerPotted":31,"stat.pickup.minecraft.flint_and_steel":2,"stat.walkOneCm":2952191,"stat.pickup.minecraft.diamond_pickaxe":1,"stat.useItem.minecraft.lava_bucket":3,"stat.pickup.minecraft.log":2,"stat.pickup.minecraft.bedrock":1,"stat.drop.minecraft.stonebrick":5,"stat.pickup.minecraft.tnt":1,"stat.pickup.minecraft.stone":6,"stat.pickup.minecraft.web":1,"stat.pickup.minecraft.tipped_arrow":1,"stat.pickup.minecraft.sapling":5,"stat.useItem.minecraft.redstone_ore":52,"stat.pickup.minecraft.ladder":1,"stat.useItem.minecraft.cactus":1,"stat.useItem.minecraft.fireworks":212,"stat.pickup.minecraft.banner":1,"stat.useItem.minecraft.deadbush":1,"stat.pickup.minecraft.barrier":2,"stat.killEntity.PolarBear":2,"stat.killEntity.Chicken":5,"stat.pickup.minecraft.diamond_helmet":1,"stat.mobKills":39,"stat.killEntity.Mule":2,"stat.pickup.minecraft.diamond_boots":1,"stat.useItem.minecraft.boat":4,"stat.drop.minecraft.prismarine":1,"stat.pickup.minecraft.iron_door":2,"stat.useItem.minecraft.writable_book":1,"stat.pickup.minecraft.torch":6,"stat.pickup.minecraft.red_flower":5,"stat.sneakTime":44009,"stat.pickup.minecraft.wool":1,"stat.drop.minecraft.diamond_shovel":1,"stat.pickup.minecraft.elytra":8,"stat.drop.minecraft.sea_lantern":1,"stat.pickup.minecraft.stone_slab":2,"stat.mineBlock.minecraft.stone":15}