{"stat.chestOpened":213,"stat.pickup.computercraft.disk_expanded":1,"stat.pickup.computercraft.turtle_advanced":64,"stat.useItem.minecraft.painting":4,"stat.pickup.minecraft.sign":23,"stat.pickup.minecraft.stone_pressure_plate":2,"stat.leaveGame":22,"stat.useItem.minecraft.waterlily":1,"stat.pickup.minecraft.leather_chestplate":3,"stat.drop.minecraft.redstone":1,"stat.useItem.minecraft.carpet":12,"stat.craftItem.minecraft.coal":64,"stat.drop.minecraft.apple":9,"stat.jump":1619,"stat.swimOneCm":10992,"stat.pickup.minecraft.cooked_chicken":192,"stat.fallOneCm":4828,"stat.climbOneCm":17047,"stat.pickup.minecraft.carrot":54,"stat.crouchOneCm":2783,"stat.useItem.minecraft.coal_block":2,"stat.pickup.minecraft.painting":1,"stat.useItem.minecraft.stone_slab2":1601,"stat.useItem.minecraft.water_bucket":3,"stat.craftingTableInteraction":3,"stat.pickup.minecraft.sand":1,"stat.pickup.minecraft.milk_bucket":1,"stat.pickup.minecraft.cookie":3,"stat.useItem.minecraft.egg":38,"stat.pickup.minecraft.pumpkin_pie":64,"stat.damageTaken":583,"stat.drop.minecraft.ender_pearl":1,"stat.pickup.computercraft.advanced_modem":5,"stat.pickup.minecraft.leather_boots":3,"stat.pickup.minecraft.dye":39,"stat.flyOneCm":1328257,"stat.useItem.minecraft.ender_pearl":9,"stat.useItem.computercraft.advanced_modem":2,"stat.pickup.minecraft.quartz_block":371,"stat.mineBlock.minecraft.sand":1,"stat.damageDealt":70,"stat.pickup.minecraft.redstone":1,"stat.timeSinceDeath":19795,"stat.useItem.minecraft.sign":13,"stat.useItem.minecraft.iron_door":1,"stat.flowerPotted":14,"stat.walkOneCm":3278849,"stat.trappedChestTriggered":30,"stat.pickup.minecraft.cake":2,"stat.pickup.minecraft.stonebrick":382,"stat.furnaceInteraction":2,"stat.pickup.minecraft.prismarine":69,"stat.pickup.minecraft.beef":192,"stat.useItem.minecraft.milk_bucket":1,"stat.pickup.minecraft.ender_pearl":1,"stat.sprintOneCm":49085,"stat.pickup.computercraft.computer":1,"stat.pickup.minecraft.apple":8,"stat.pickup.minecraft.banner":2,"stat.useItem.minecraft.prismarine":64,"stat.pickup.minecraft.barrier":3,"stat.pickup.minecraft.coal_block":636,"stat.drop.computercraft.turtle_advanced":1,"stat.craftItem.computercraft.turtle_advanced":2,"stat.pickup.minecraft.potion":4,"stat.pickup.minecraft.fireworks":6,"stat.useItem.minecraft.stone_pressure_plate":2,"stat.pickup.minecraft.leather_leggings":3,"stat.deaths":4,"stat.drop":15,"stat.pickup.minecraft.diamond":1,"stat.pickup.minecraft.iron_door":4,"stat.pickup.minecraft.egg":2,"stat.playOneMinute":2184403,"stat.useItem.computercraft.turtle_advanced":11,"stat.useItem.minecraft.banner":8,"stat.sneakTime":6258,"stat.drop.minecraft.quartz_block":2,"stat.drop.minecraft.chest":1,"stat.diveOneCm":28429,"stat.pickup.minecraft.chest":5}