{"stat.chestOpened":45,"stat.pickup.computercraft.turtle_advanced":23,"stat.drop.minecraft.dark_oak_boat":1,"stat.pickup.minecraft.spruce_door":2,"stat.useItem.minecraft.quartz_block":63,"stat.pickup.minecraft.sign":3,"stat.leaveGame":6,"stat.pickup.minecraft.waterlily":9,"stat.useItem.minecraft.waterlily":38,"stat.pickup.minecraft.flower_pot":1,"stat.useItem.minecraft.carpet":19,"stat.useItem.minecraft.stained_glass_pane":3,"stat.drop.minecraft.apple":1,"stat.jump":1228,"stat.useItem.minecraft.sand":8,"stat.swimOneCm":12325,"stat.pickup.minecraft.coal":1,"stat.fallOneCm":209,"stat.useItem.minecraft.planks":422,"stat.climbOneCm":9189,"stat.pickup.minecraft.carrot":64,"stat.pickup.minecraft.porkchop":2,"stat.useItem.minecraft.coal_block":1,"stat.crouchOneCm":658,"stat.pickup.minecraft.glass":1,"stat.pickup.minecraft.dirt":7,"stat.useItem.minecraft.stone_slab2":6595,"stat.useItem.minecraft.water_bucket":85,"stat.drop.minecraft.glass":1,"stat.useItem.minecraft.diamond_hoe":60,"stat.pickup.minecraft.sand":8,"stat.useItem.minecraft.vine":4,"stat.drop.minecraft.iron_trapdoor":1,"stat.killEntity.Enderman":1,"stat.drop.minecraft.quartz_stairs":2,"stat.pickup.minecraft.quartz_stairs":2,"stat.pickup.minecraft.dye":160,"stat.pickup.minecraft.planks":575,"stat.flyOneCm":1508750,"stat.useItem.minecraft.birch_fence":88,"stat.pickup.minecraft.quartz_block":68,"stat.pickup.minecraft.potato":289,"stat.pickup.minecraft.fish":1,"stat.damageDealt":400,"stat.timeSinceDeath":1070175,"stat.cauldronFilled":5,"stat.flowerPotted":32,"stat.walkOneCm":2621932,"stat.drop.minecraft.porkchop":4,"stat.pickup.minecraft.stonebrick":1,"stat.drop.minecraft.vine":1,"stat.furnaceInteraction":2,"stat.pickup.minecraft.carpet":3,"stat.pickup.minecraft.log":1,"stat.drop.minecraft.chicken":3,"stat.drop.minecraft.stained_hardened_clay":1,"stat.drop.minecraft.planks":1,"stat.pickup.minecraft.chicken":1,"stat.pickup.minecraft.ender_pearl":2,"stat.sprintOneCm":32760,"stat.pickup.computercraft.computer":1,"stat.pickup.minecraft.apple":1,"stat.pickup.minecraft.beetroot":1,"stat.drop.minecraft.fish":2,"stat.useItem.minecraft.diamond_pickaxe":9,"stat.mobKills":1,"stat.pickup.minecraft.vine":1,"stat.useItem.minecraft.spruce_door":3,"stat.drop":22,"stat.pickup.minecraft.egg":1,"stat.pickup.minecraft.beetroot_seeds":1,"stat.playOneMinute":1070175,"stat.pickup.minecraft.stone_button":1,"stat.pickup.minecraft.birch_door":64,"stat.pickup.minecraft.torch":65,"stat.useItem.computercraft.turtle_advanced":7,"stat.pickup.minecraft.red_flower":1,"stat.sneakTime":4919,"stat.drop.minecraft.quartz_block":4,"stat.diveOneCm":15913}