{"stat.useItem.minecraft.painting":1,"stat.pickup.minecraft.wooden_slab":3,"stat.leaveGame":45,"stat.pickup.minecraft.record_stal":7,"stat.drop.minecraft.redstone":10,"stat.useItem.minecraft.lead":3,"stat.useItem.minecraft.planks":503,"stat.pickup.minecraft.porkchop":1,"stat.useItem.minecraft.water_bucket":341,"stat.drop.minecraft.redstone_torch":2,"stat.useItem.minecraft.diamond_hoe":1,"stat.pickup.minecraft.sand":2083,"stat.useItem.minecraft.vine":11,"stat.pickup.minecraft.observer":1,"stat.aviateOneCm":25655667,"stat.mineBlock.minecraft.sand":90,"stat.killEntity.MushroomCow":1,"stat.drop.minecraft.sand":7,"stat.killEntity.Villager":3,"stat.drop.minecraft.tnt":2,"stat.hopperInspected":13,"stat.useItem.minecraft.spawn_egg":415,"stat.pickup.minecraft.double_plant":1,"stat.trappedChestTriggered":16,"stat.pickup.minecraft.light_weighted_pressure_plate":1,"stat.furnaceInteraction":12,"stat.drop.minecraft.red_flower":1,"stat.pickup.minecraft.sponge":1,"stat.pickup.minecraft.prismarine":1,"stat.pickup.minecraft.beef":65,"stat.useItem.minecraft.redstone":16,"stat.drop.minecraft.light_weighted_pressure_plate":1,"stat.pickup.minecraft.acacia_door":2,"stat.useItem.minecraft.dark_oak_door":38,"stat.pickup.minecraft.potion":3,"stat.craftItem.computercraft.turtle_advanced":2,"stat.useItem.minecraft.flint_and_steel":350,"stat.drop.minecraft.fireworks":3,"stat.useItem.minecraft.lingering_potion":19,"stat.useItem.minecraft.dye":24,"stat.pickup.minecraft.lever":1,"stat.deaths":17,"stat.pickup.minecraft.egg":3,"stat.playOneMinute":4181604,"stat.pickup.minecraft.birch_door":1,"stat.useItem.computercraft.turtle_advanced":4,"stat.pickup.minecraft.glass_pane":2,"stat.pickup.minecraft.sea_lantern":2,"stat.mineBlock.minecraft.tallgrass":1,"stat.chestOpened":139,"stat.useItem.minecraft.splash_potion":6,"stat.recordPlayed":5,"stat.useItem.minecraft.experience_bottle":8,"stat.pickup.minecraft.cooked_chicken":64,"stat.fallOneCm":1254,"stat.drop.minecraft.stone":3,"stat.drop.minecraft.dye":2,"stat.crouchOneCm":141004,"stat.pickup.minecraft.painting":3,"stat.craftingTableInteraction":8,"stat.drop.minecraft.milk_bucket":1,"stat.dropperInspected":4,"stat.pickup.minecraft.repeater":10,"stat.pickup.minecraft.feather":8,"stat.pickup.minecraft.monster_egg":64,"stat.pickup.minecraft.dye":2,"stat.pickup.minecraft.planks":132,"stat.mineBlock.minecraft.dirt":160,"stat.flowerPotted":31,"stat.pickup.minecraft.redstone_block":5,"stat.useItem.minecraft.golden_hoe":2,"stat.pickup.minecraft.log":4,"stat.drop.minecraft.sign":1,"stat.drop.minecraft.glass_pane":1,"stat.drop.minecraft.stonebrick":5,"stat.drop.minecraft.planks":1,"stat.drop.minecraft.sapling":3,"stat.pickup.minecraft.chicken":2,"stat.pickup.minecraft.sapling":72,"stat.pickup.computercraft.computer":2,"stat.pickup.minecraft.apple":65,"stat.useItem.minecraft.fireworks":63,"stat.pickup.minecraft.banner":1,"stat.pickup.minecraft.coal_block":1,"stat.drop.minecraft.fish":1,"stat.useItem.minecraft.acacia_boat":3,"stat.pickup.minecraft.iron_door":2,"stat.pickup.minecraft.red_flower":4,"stat.sneakTime":75405,"stat.pickup.minecraft.wool":3,"stat.pickup.minecraft.stone_slab":1,"stat.drop.minecraft.grass":2,"stat.pickup.minecraft.redstone_torch":4,"stat.horseOneCm":1648,"stat.useItem.minecraft.repeater":1,"stat.useItem.minecraft.diamond_sword":5,"stat.pickup.minecraft.flower_pot":4,"stat.swimOneCm":344118,"stat.climbOneCm":69929,"stat.useItem.minecraft.dirt":29,"stat.useItem.minecraft.stone_slab2":23076,"stat.pickup.minecraft.anvil":1,"stat.pickup.minecraft.cobblestone":3,"stat.pickup.minecraft.quartz_stairs":2,"stat.flyOneCm":14727314,"stat.pickup.minecraft.fish":3,"stat.pickup.minecraft.cactus":2,"stat.pickup.minecraft.redstone":22,"stat.timeSinceDeath":145653,"stat.cauldronFilled":5,"stat.pickup.minecraft.mutton":2,"stat.drop.minecraft.repeater":1,"stat.killEntity.Bat":3,"stat.pickup.minecraft.dark_oak_door":1,"stat.pickup.minecraft.stonebrick":6,"stat.drop.minecraft.stained_glass":2,"stat.killEntity.Wolf":1,"stat.drop.minecraft.dirt":17,"stat.pickup.minecraft.carpet":15,"stat.pickup.minecraft.diamond_shovel":3,"stat.talkedToVillager":1,"stat.drop.minecraft.redstone_lamp":1,"stat.drop.minecraft.log2":1,"stat.useItem.minecraft.milk_bucket":8,"stat.killEntity.Squid":4,"stat.sprintOneCm":1258882,"stat.useItem.minecraft.diamond_shovel":236,"stat.pickup.minecraft.fireworks":68,"stat.useItem.minecraft.bucket":1,"stat.pickup.minecraft.spawn_egg":2,"stat.pickup.minecraft.vine":1,"stat.drop":90,"stat.killEntity.Sheep":2,"stat.useItem.minecraft.ladder":6,"stat.drop.minecraft.redstone_block":5,"stat.pickup.minecraft.iron_block":1,"stat.diveOneCm":1040579,"stat.drop.minecraft.flower_pot":1,"stat.pickup.computercraft.turtle_advanced":18,"stat.drop.computercraft.peripheral":1,"stat.drop.minecraft.ladder":1,"stat.useItem.minecraft.carpet":85,"stat.useItem.minecraft.potion":2,"stat.drop.minecraft.sponge":1,"stat.pickup.minecraft.diamond_sword":1,"stat.jump":7302,"stat.useItem.minecraft.sand":118,"stat.pickup.minecraft.dirt":142,"stat.drop.minecraft.barrier":1,"stat.boatOneCm":89720,"stat.pickup.minecraft.leaves":1,"stat.brewingstandInteraction":8,"stat.pickup.minecraft.leather":4,"stat.damageTaken":1352,"stat.dispenserInspected":16,"stat.pickup.minecraft.dark_oak_fence":1,"stat.useItem.minecraft.carrot_on_a_stick":2,"stat.noteblockTuned":3,"stat.pickup.minecraft.ender_eye":6,"stat.pickup.minecraft.log2":1,"stat.pickup.minecraft.quartz_block":3,"stat.useItem.computercraft.computer":1,"stat.pickup.minecraft.stained_glass":2,"stat.damageDealt":565,"stat.killEntity.Cow":2,"stat.killEntity.Pig":12,"stat.useItem.minecraft.command_block":1,"stat.drop.minecraft.painting":1,"stat.walkOneCm":4068036,"stat.useItem.minecraft.lava_bucket":8,"stat.drop.minecraft.iron_block":1,"stat.pickup.minecraft.stone":33,"stat.drop.minecraft.wooden_slab":1,"stat.useItem.minecraft.redstone_ore":34,"stat.pickup.minecraft.ladder":5,"stat.useItem.minecraft.cactus":5,"stat.pickup.minecraft.barrier":1,"stat.drop.computercraft.turtle_advanced":7,"stat.killEntity.Chicken":2,"stat.pickup.minecraft.dark_oak_stairs":1,"stat.mobKills":30,"stat.drop.minecraft.prismarine":1,"stat.pickup.minecraft.torch":3,"stat.pickup.minecraft.elytra":1,"stat.drop.minecraft.quartz_block":1}