{"stat.chestOpened":130,"stat.pickup.computercraft.turtle_advanced":1,"stat.drop.computercraft.peripheral":1,"stat.leaveGame":22,"stat.killEntity.EvocationIllager":2,"stat.killEntity.Vex":3,"stat.useItem.minecraft.diamond_sword":49,"stat.jump":4528,"stat.swimOneCm":3935,"stat.pickup.minecraft.coal":2484,"stat.climbOneCm":49285,"stat.fallOneCm":2414,"stat.drop.minecraft.stone":8,"stat.drop.minecraft.cobblestone":1,"stat.pickup.minecraft.glowstone_dust":2,"stat.crouchOneCm":45095,"stat.useItem.minecraft.coal_block":20,"stat.useItem.minecraft.stone_slab2":27218,"stat.useItem.minecraft.water_bucket":266,"stat.pickup.minecraft.command_block":1,"stat.pickup.minecraft.brick_block":1216,"stat.pickup.computercraft.peripheral":1,"stat.useItem.minecraft.vine":95,"stat.damageTaken":260,"stat.pickup.minecraft.cobblestone":1,"stat.flyOneCm":8499083,"stat.killEntity.Witch":1,"stat.pickup.minecraft.oak_stairs":2,"stat.killEntity.Villager":9,"stat.damageDealt":2928,"stat.pickup.minecraft.redstone":1,"stat.timeSinceDeath":953,"stat.useItem.minecraft.spawn_egg":43,"stat.useItem.minecraft.wooden_slab":2,"stat.pickup.minecraft.mutton":1,"stat.walkOneCm":3448124,"stat.useItem.minecraft.lava_bucket":1201,"stat.talkedToVillager":5,"stat.pickup.minecraft.sponge":63,"stat.pickup.minecraft.log":1,"stat.useItem.minecraft.milk_bucket":15,"stat.pickup.minecraft.totem_of_undying":2,"stat.pickup.minecraft.stone":9,"stat.drop.minecraft.oak_stairs":1,"stat.sprintOneCm":1229181,"stat.pickup.minecraft.coal_block":63,"stat.drop.computercraft.turtle_advanced":1,"stat.useItem.minecraft.flint_and_steel":14,"stat.mobKills":16,"stat.pickup.minecraft.emerald":1,"stat.useItem.minecraft.bucket":56,"stat.deaths":36,"stat.drop":12,"stat.pickup.minecraft.diamond":640,"stat.playOneMinute":1948322,"stat.sneakTime":61876,"stat.pickup.minecraft.wool":1,"stat.killEntity.Zombie":1,"stat.diveOneCm":811}